<?xml version="1.0" encoding="UTF-8"?>
<!DOCTYPE suite SYSTEM "http://testng.org/testng-1.0.dtd">
<suite name="Failed suite [Default suite]">
  <test name="Default test(failed)">
    <classes>
      <class name="com.appname.scripts.CreateUserSC_025">
        <methods>
          <include name="beforeClass"/>
          <include name="afterClass"/>
          <include name="beforeSuite"/>
          <include name="createUserTestTC02"/>
          <include name="afterSuite"/>
        </methods>
      </class> <!-- com.appname.scripts.CreateUserSC_025 -->
    </classes>
  </test> <!-- Default test(failed) -->
</suite> <!-- Failed suite [Default suite] -->
